<?xml version="1.0" encoding="UTF-8"?>
<jcr:root xmlns:cq="http://www.day.com/jcr/cq/1.0" xmlns:jcr="http://www.jcp.org/jcr/1.0" xmlns:nt="http://www.jcp.org/jcr/nt/1.0"
    jcr:primaryType="cq:TabPanel"
    activeTab="0"
    helpPath="en/cq/current/wcm/default_components.html#Text Image"
    xtype="tabpanel">
    <items jcr:primaryType="cq:WidgetCollection">
        <tab1
            jcr:primaryType="cq:Widget"
            anchor="100%"
            path="/libs/foundation/components/textimage/dialog/items/tab1.infinity.json"
            title="Text"
            xtype="cqinclude"/>
        <tab2
            jcr:primaryType="cq:Widget"
            path="/libs/foundation/components/textimage/dialog/items/tab2.infinity.json"
            xtype="cqinclude"/>
        <tab3
            jcr:primaryType="cq:Widget"
            title="Advanced Image Properties"
            xtype="panel">
            <items jcr:primaryType="cq:WidgetCollection">
                <title
                    jcr:primaryType="cq:Widget"
                    fieldLabel="Title"
                    name="./image/jcr:title"
                    xtype="textfield"/>
                <alt
                    jcr:primaryType="cq:Widget"
                    fieldDescription="(leave empty to use the title defined above)"
                    fieldLabel="Alt Text"
                    name="./image/alt"
                    xtype="textfield"/>
                <linkURL
                    jcr:primaryType="cq:Widget"
                    fieldDescription="Drop files or pages from the Content Finder"
                    fieldLabel="Link to"
                    name="./image/linkURL"
                    xtype="pathfield"/>
                <description
                    jcr:primaryType="cq:Widget"
                    fieldLabel="Description"
                    name="./image/jcr:description"
                    xtype="textarea"/>
                <size
                    jcr:primaryType="cq:Widget"
                    fieldLabel="Size"
                    heightParameter="./image/height"
                    widthParameter="./image/width"
                    xtype="sizefield"/>
                <resType
                    jcr:primaryType="cq:Widget"
                    ignoreData="{Boolean}true"
                    name="./image/sling:resourceType"
                    value="foundation/components/image"
                    xtype="hidden"/>
                <position
                    jcr:primaryType="cq:Widget"
                    allowBlank="{Boolean}true"
                    fieldLabel="Image Position"
                    name="./imagePosition"
                    singleSelect="{Boolean}false"
                    type="select"
                    xtype="selection">
                    <options jcr:primaryType="cq:WidgetCollection">
                        <o1
                            jcr:primaryType="nt:unstructured"
                            text="to Left"
                            value="to left"/>
                        <o2
                            jcr:primaryType="nt:unstructured"
                            text="to Right"
                            value="to right"/>
                        <o3
                            jcr:primaryType="nt:unstructured"
                            text="to Center"
                            value="to center"/>
                    </options>
                </position>
                <test
                    jcr:primaryType="nt:unstructured"
                    path="/apps/vassetsdemosite/components/content/layout/dialog/items/items/2_layoutstyle/items/1_width.infinity.json"
                    xtype="cqinclude"/>
            </items>
        </tab3>
        <tab4
            jcr:primaryType="cq:Widget"
            xtype="componentstyles"/>
    </items>
</jcr:root>
