<?xml version="1.0" encoding="UTF-8"?>
<jcr:root xmlns:sling="http://sling.apache.org/jcr/sling/1.0" xmlns:cq="http://www.day.com/jcr/cq/1.0" xmlns:jcr="http://www.jcp.org/jcr/1.0" xmlns:nt="http://www.jcp.org/jcr/nt/1.0"
    jcr:primaryType="cq:Page">
    <jcr:content
        cq:lastModified="{Date}2013-02-08T10:48:27.447+05:30"
        cq:lastModifiedBy="admin"
        cq:template="/libs/wcm/core/templates/designpage"
        jcr:primaryType="cq:PageContent"
        jcr:title="mywebsite"
        sling:resourceType="wcm/core/components/designer">
        <contentpage jcr:primaryType="nt:unstructured">
            <logo
                jcr:lastModified="{Date}2013-01-28T15:17:01.142+05:30"
                jcr:lastModifiedBy="admin"
                jcr:primaryType="nt:unstructured"
                sling:resourceType="bandn/components/logo">
                <image/>
            </logo>
            <par
                jcr:lastModified="{Date}2013-02-07T18:00:49.636+05:30"
                jcr:lastModifiedBy="admin"
                jcr:primaryType="nt:unstructured"
                sling:resourceType="foundation/components/parsys"
                components="[group:General,/apps/mywebsite/components/image,/apps/mywebsite/components/search,/apps/mywebsite/components/video,/apps/mywebsite/components/textimage,group:vassets]">
                <section jcr:primaryType="nt:unstructured"/>
                <video
                    jcr:lastModified="{Date}2013-02-07T17:34:00.631+05:30"
                    jcr:lastModifiedBy="admin"
                    jcr:primaryType="nt:unstructured"
                    sling:resourceType="foundation/components/video"
                    flashPlayer="flvfallback"
                    profiles="[flv,hq]"
                    wmode="opaque"/>
            </par>
            <title
                jcr:lastModified="{Date}2013-01-28T15:24:38.226+05:30"
                jcr:lastModifiedBy="admin"
                jcr:primaryType="nt:unstructured"
                sling:resourceType="foundation/components/title"
                defaultType="large"/>
            <rightpar
                jcr:lastModified="{Date}2013-02-08T10:48:27.442+05:30"
                jcr:lastModifiedBy="admin"
                jcr:primaryType="nt:unstructured"
                sling:resourceType="foundation/components/iparsys"
                components="[group:General,/apps/mywebsite/components/slideshow]">
                <section jcr:primaryType="nt:unstructured"/>
            </rightpar>
        </contentpage>
        <page jcr:primaryType="nt:unstructured">
            <sidebar
                jcr:lastModified="{Date}2013-02-07T15:50:11.407+05:30"
                jcr:lastModifiedBy="admin"
                jcr:primaryType="nt:unstructured"
                sling:resourceType="foundation/components/parsys"
                components="/apps/mywebsite/components/image">
                <section jcr:primaryType="nt:unstructured"/>
            </sidebar>
        </page>
    </jcr:content>
    <static.css/>
    <images/>
    <clientlib/>
</jcr:root>
