<?xml version="1.0" encoding="UTF-8"?>
<jcr:root xmlns:cq="http://www.day.com/jcr/cq/1.0" xmlns:jcr="http://www.jcp.org/jcr/1.0" xmlns:nt="http://www.jcp.org/jcr/nt/1.0"
    jcr:primaryType="cq:Panel"
    title="Flash">
    <items jcr:primaryType="cq:WidgetCollection">
        <flashPlayer
            jcr:primaryType="nt:unstructured"
            fieldLabel="Flash video player"
            name="./flashPlayer"
            type="radio"
            xtype="selection">
            <options jcr:primaryType="cq:WidgetCollection">
                <flvfallback
                    jcr:primaryType="nt:unstructured"
                    text="Strobe (H264, Flash 10.1+) or FLV (Flash 7+)"
                    value="flvfallback"/>
                <h264only
                    jcr:primaryType="nt:unstructured"
                    text="Strobe (H264, Flash 10.1+) only"
                    value="h264only"/>
                <custom
                    jcr:primaryType="nt:unstructured"
                    text="Use custom video player"
                    value="custom"/>
            </options>
        </flashPlayer>
        <wmode
            jcr:primaryType="cq:Widget"
            defaultValue="opaque"
            fieldLabel="Window mode"
            name="./wmode"
            type="select"
            xtype="selection">
            <options jcr:primaryType="cq:WidgetCollection">
                <opaque
                    jcr:primaryType="nt:unstructured"
                    text="Opaque"
                    value="opaque"/>
                <transparent
                    jcr:primaryType="nt:unstructured"
                    text="Transparent"
                    value="transparent"/>
                <window
                    jcr:primaryType="nt:unstructured"
                    text="Window"
                    value="window"/>
            </options>
        </wmode>
        <strobe_settings
            jcr:primaryType="cq:Widget"
            collapsed="{Boolean}true"
            collapsible="{Boolean}true"
            title="Strobe player"
            xtype="dialogfieldset">
            <items jcr:primaryType="cq:WidgetCollection">
                <flashProfile
                    jcr:primaryType="nt:unstructured"
                    fieldDescription="Defaults to 'hq'."
                    fieldLabel="H264 profile"
                    name="./flashProfile"
                    options="/etc/dam/video.profiles.list.json"
                    type="select"
                    xtype="selection"/>
                <strobeFlashvars
                    jcr:primaryType="cq:Widget"
                    fieldDescription="Additional flash variables for the Strobe media player. Format is 'loop=true&amp;controlBarMode=floating'."
                    fieldLabel="Strobe player flashvars"
                    height="50"
                    name="./strobeFlashvars"
                    xtype="textarea"/>
            </items>
        </strobe_settings>
        <flv_settings
            jcr:primaryType="cq:Widget"
            collapsed="{Boolean}true"
            collapsible="{Boolean}true"
            title="FLV player"
            xtype="dialogfieldset">
            <items jcr:primaryType="cq:WidgetCollection">
                <flashProfileFLV
                    jcr:primaryType="nt:unstructured"
                    fieldDescription="Defaults to 'flv'."
                    fieldLabel="FLV profile"
                    name="./flashProfileFLV"
                    options="/etc/dam/video.profiles.list.json"
                    type="select"
                    xtype="selection"/>
                <flvFlashvars
                    jcr:primaryType="cq:Widget"
                    fieldDescription="Additional flash variables for the FLV player. Defaults to 'margin=0&amp;showvolume=1&amp;showtime=1&amp;showfullscreen=1'."
                    fieldLabel="FLV player flashvars"
                    height="50"
                    name="./flvFlashvars"
                    xtype="textarea"/>
            </items>
        </flv_settings>
        <custom_settings
            jcr:primaryType="cq:Widget"
            collapsed="{Boolean}true"
            collapsible="{Boolean}true"
            title="Custom player"
            xtype="dialogfieldset">
            <items jcr:primaryType="cq:WidgetCollection">
                <customSWF
                    jcr:primaryType="cq:Widget"
                    fieldDescription="Link or path to custom SWF video player."
                    fieldLabel="SWF player"
                    name="./customSWF"
                    xtype="textfield"/>
                <flashProfileCustom
                    jcr:primaryType="nt:unstructured"
                    fieldDescription="Defaults to 'hq'."
                    fieldLabel="Profile"
                    name="./flashProfileCustom"
                    options="/etc/dam/video.profiles.list.json"
                    type="select"
                    xtype="selection"/>
                <customMovieFlashvar
                    jcr:primaryType="cq:Widget"
                    fieldDescription="Name of the flashvar for the movie/video file."
                    fieldLabel="Movie flashvar"
                    name="./customMovieFlashvar"
                    xtype="textfield"/>
                <customWidthFlashvar
                    jcr:primaryType="cq:Widget"
                    fieldLabel="Width flashvar"
                    name="./customWidthFlashvar"
                    xtype="textfield"/>
                <customHeightFlashvar
                    jcr:primaryType="cq:Widget"
                    fieldDescription="Name of the flashvars to specify width and height."
                    fieldLabel="Height flashvar"
                    name="./customHeightFlashvar"
                    xtype="textfield"/>
                <customFlashvars
                    jcr:primaryType="cq:Widget"
                    fieldDescription="Additional flash variables for the custom media player."
                    fieldLabel="Custom player flashvars"
                    height="50"
                    name="./customFlashvars"
                    xtype="textarea"/>
            </items>
        </custom_settings>
    </items>
</jcr:root>
