<?xml version="1.0" encoding="UTF-8"?>
<jcr:root xmlns:sling="http://sling.apache.org/jcr/sling/1.0" xmlns:cq="http://www.day.com/jcr/cq/1.0" xmlns:jcr="http://www.jcp.org/jcr/1.0"
    jcr:primaryType="cq:Page">
    <jcr:content
        cq:designPath="/etc/designs/mywebsite"
        cq:lastModified="{Date}2012-10-03T14:40:45.274+05:30"
        cq:lastModifiedBy="admin"
        cq:template="/apps/mywebsite/templates/contentpage"
        jcr:primaryType="cq:PageContent"
        jcr:title="English"
        sling:resourceType="mywebsite/components/contentpage"/>
    <products/>
    <services/>
    <customers/>
    <toolbar/>
    <about/>
    <hooktemplate/>
    <t123/>
    <t12345/>
</jcr:root>
